{
    "transport_company": {
      "services": [
        {
          "name": "Грузоперевозки по Беларуси",
          "price": "100 руб./кг",
          "description": "Доставка грузов по всей территории Беларуси."
        },
        {
          "name": "Международные грузоперевозки",
          "price": "от 200 руб./кг",
          "description": "Международные грузоперевозки в страны СНГ и Европы."
        },
        {
          "name": "Экспресс-доставка",
          "price": "от 300 руб./кг",
          "description": "Быстрая доставка грузов в течение 24 часов."
        }
      ],
      "fleet": [
        {
          "name": "Грузовики",
          "price": "10000",
          "description": "Современные грузовики различной грузоподъемности."
        },
        {
          "name": "Фургоны (с охлаждением)",
          "price": "15000",
          "description": "Фургоны для перевозки грузов с охлаждением."
        },
        {
          "name": "Фургоны (с заморозкой)",
          "price": "20000",
          "description": "Фургоны для перевозки грузов с заморозкой."
        }
      ]      
    }
  }
  